{
    "object0": {
        "px": 0.009042138233780861,
        "py": -5.000000476837158,
        "pz": 0.07257778942584991,
        "rx": 3.84810209274292,
        "ry": 0.014969948679208755,
        "rz": -0.3626871109008789,
        "sx": 1.0,
        "sy": 1.0,
        "sz": 1.0
    },
    "object1": {
        "px": 2.0000007152557373,
        "py": -4.999999046325684,
        "pz": -14.999979972839355,
        "rx": -1.8633926401889767e-07,
        "ry": 1.0125212300537978e-12,
        "rz": 6.813036801389671e-09,
        "sx": 1.0,
        "sy": 1.0,
        "sz": 1.0
    },
    "object2": {
        "px": -8.127995491027832,
        "py": -5.000000953674316,
        "pz": -8.641286849975586,
        "rx": -53.54149627685547,
        "ry": -40.57782745361328,
        "rz": 69.69210815429688,
        "sx": 1.0,
        "sy": 1.0,
        "sz": 1.0
    },
    "object3": {
        "px": -4.0,
        "py": -5.000000953674316,
        "pz": -12.000126838684082,
        "rx": -4.5314578756006085e-08,
        "ry": -1.465862614668037e-13,
        "rz": 9.743708950793462e-09,
        "sx": 1.0,
        "sy": 1.0,
        "sz": 1.0
    },
    "object4": {
        "px": 2.1007771492004395,
        "py": -5.000000953674316,
        "pz": -4.622160911560059,
        "rx": -15.089486122131348,
        "ry": -0.7500260472297668,
        "rz": 0.18195359408855438,
        "sx": 1.0,
        "sy": 1.0,
        "sz": 1.0
    },
    "object5": {
        "px": -2.0000009536743164,
        "py": -5.000000953674316,
        "pz": -8.000000953674316,
        "rx": -1.8519487809953716e-07,
        "ry": -1.5072458255452337e-12,
        "rz": -1.887864975458342e-08,
        "sx": 1.0,
        "sy": 1.0,
        "sz": 1.0
    },
    "object6": {
        "px": 0.4360865652561188,
        "py": -5.000000953674316,
        "pz": -3.3220317363739014,
        "rx": -27.33371353149414,
        "ry": -0.6754854917526245,
        "rz": -12.808329582214355,
        "sx": 1.0,
        "sy": 1.0,
        "sz": 1.0
    },
    "object7": {
        "px": 14.776225090026855,
        "py": -5.000003337860107,
        "pz": -3.590210199356079,
        "rx": -17.374404907226563,
        "ry": -12.114434242248535,
        "rz": -5.674462795257568,
        "sx": 1.0,
        "sy": 1.0,
        "sz": 1.0
    },
    "object8": {
        "px": 1.8938372135162354,
        "py": -5.000001907348633,
        "pz": -0.7049193382263184,
        "rx": 36.47371292114258,
        "ry": -0.18536435067653656,
        "rz": 2.1070713996887207,
        "sx": 1.0,
        "sy": 1.0,
        "sz": 1.0
    },
    "object9": {
        "px": -1.213364839553833,
        "py": -5.000000953674316,
        "pz": -1.913651466369629,
        "rx": -15.819847106933594,
        "ry": -6.948667049407959,
        "rz": 24.911657333374023,
        "sx": 1.0,
        "sy": 1.0,
        "sz": 1.0
    }
}
